ID,SUBCLASS
TEST_0000,KIPAN
TEST_0001,KIPAN
TEST_0002,KIPAN
TEST_0003,KIPAN
TEST_0004,KIPAN
TEST_0005,KIPAN
TEST_0006,KIPAN
TEST_0007,KIPAN
TEST_0008,KIPAN
TEST_0009,KIPAN
TEST_0010,KIPAN
TEST_0011,KIPAN
TEST_0012,KIPAN
TEST_0013,KIPAN
TEST_0014,KIPAN
TEST_0015,KIPAN
TEST_0016,KIPAN
TEST_0017,KIPAN
TEST_0018,KIPAN
TEST_0019,KIPAN
TEST_0020,KIPAN
TEST_0021,KIPAN
TEST_0022,KIPAN
TEST_0023,KIPAN
TEST_0024,KIPAN
TEST_0025,BRCA
TEST_0026,BRCA
TEST_0027,BRCA
TEST_0028,BRCA
TEST_0029,BRCA
TEST_0030,BRCA
TEST_0031,BRCA
TEST_0032,BRCA
TEST_0033,BRCA
TEST_0034,BRCA
TEST_0035,BRCA
TEST_0036,BRCA
TEST_0037,BRCA
TEST_0038,BRCA
TEST_0039,BRCA
TEST_0040,BRCA
TEST_0041,BRCA
TEST_0042,BRCA
TEST_0043,BRCA
TEST_0044,BRCA
TEST_0045,BRCA
TEST_0046,BRCA
TEST_0047,BRCA
TEST_0048,BRCA
TEST_0049,BRCA
TEST_0050,BRCA
TEST_0051,BRCA
TEST_0052,BRCA
TEST_0053,BRCA
TEST_0054,BRCA
TEST_0055,BRCA
TEST_0056,BRCA
TEST_0057,BRCA
TEST_0058,BRCA
TEST_0059,BRCA
TEST_0060,BRCA
TEST_0061,BRCA
TEST_0062,BRCA
TEST_0063,BRCA
TEST_0064,BRCA
TEST_0065,BRCA
TEST_0066,BRCA
TEST_0067,BRCA
TEST_0068,BRCA
TEST_0069,BRCA
TEST_0070,BRCA
TEST_0071,BRCA
TEST_0072,BRCA
TEST_0073,BRCA
TEST_0074,BRCA
TEST_0075,BRCA
TEST_0076,BRCA
TEST_0077,BRCA
TEST_0078,BRCA
TEST_0079,BRCA
TEST_0080,BRCA
TEST_0081,BRCA
TEST_0082,BRCA
TEST_0083,BRCA
TEST_0084,BRCA
TEST_0085,BRCA
TEST_0086,BRCA
TEST_0087,BRCA
TEST_0088,BRCA
TEST_0089,BRCA
TEST_0090,BRCA
TEST_0091,BRCA
TEST_0092,BRCA
TEST_0093,BRCA
TEST_0094,BRCA
TEST_0095,BRCA
TEST_0096,BRCA
TEST_0097,BRCA
TEST_0098,BRCA
TEST_0099,BRCA
TEST_0100,BRCA
TEST_0101,BRCA
TEST_0102,BRCA
TEST_0103,BRCA
TEST_0104,BRCA
TEST_0105,BRCA
TEST_0106,BRCA
TEST_0107,BRCA
TEST_0108,BRCA
TEST_0109,BRCA
TEST_0110,BRCA
TEST_0111,BRCA
TEST_0112,BRCA
TEST_0113,BRCA
TEST_0114,BRCA
TEST_0115,BRCA
TEST_0116,BRCA
TEST_0117,BRCA
TEST_0118,BRCA
TEST_0119,BRCA
TEST_0120,BRCA
TEST_0121,BRCA
TEST_0122,BRCA
TEST_0123,BRCA
TEST_0124,BRCA
TEST_0125,BRCA
TEST_0126,BRCA
TEST_0127,BRCA
TEST_0128,BRCA
TEST_0129,BRCA
TEST_0130,BRCA
TEST_0131,BRCA
TEST_0132,BRCA
TEST_0133,BRCA
TEST_0134,BRCA
TEST_0135,BRCA
TEST_0136,BRCA
TEST_0137,BRCA
TEST_0138,BRCA
TEST_0139,BRCA
TEST_0140,BRCA
TEST_0141,BRCA
TEST_0142,BRCA
TEST_0143,BRCA
TEST_0144,BRCA
TEST_0145,BRCA
TEST_0146,BRCA
TEST_0147,BRCA
TEST_0148,BRCA
TEST_0149,BRCA
TEST_0150,BRCA
TEST_0151,BRCA
TEST_0152,BRCA
TEST_0153,BRCA
TEST_0154,BRCA
TEST_0155,BRCA
TEST_0156,BRCA
TEST_0157,BRCA
TEST_0158,BRCA
TEST_0159,BRCA
TEST_0160,BRCA
TEST_0161,BRCA
TEST_0162,BRCA
TEST_0163,BRCA
TEST_0164,BRCA
TEST_0165,BRCA
TEST_0166,BRCA
TEST_0167,BRCA
TEST_0168,BRCA
TEST_0169,BRCA
TEST_0170,BRCA
TEST_0171,BRCA
TEST_0172,BRCA
TEST_0173,BRCA
TEST_0174,BRCA
TEST_0175,BRCA
TEST_0176,BRCA
TEST_0177,BRCA
TEST_0178,BRCA
TEST_0179,BRCA
TEST_0180,BRCA
TEST_0181,BRCA
TEST_0182,BRCA
TEST_0183,BRCA
TEST_0184,BRCA
TEST_0185,BRCA
TEST_0186,BRCA
TEST_0187,BRCA
TEST_0188,BRCA
TEST_0189,BRCA
TEST_0190,BRCA
TEST_0191,BRCA
TEST_0192,BRCA
TEST_0193,BRCA
TEST_0194,BRCA
TEST_0195,BRCA
TEST_0196,BRCA
TEST_0197,BRCA
TEST_0198,BRCA
TEST_0199,BRCA
TEST_0200,BRCA
TEST_0201,BRCA
TEST_0202,BRCA
TEST_0203,BRCA
TEST_0204,BRCA
TEST_0205,BRCA
TEST_0206,BRCA
TEST_0207,BRCA
TEST_0208,BRCA
TEST_0209,BRCA
TEST_0210,BRCA
TEST_0211,BRCA
TEST_0212,BRCA
TEST_0213,BRCA
TEST_0214,BRCA
TEST_0215,BRCA
TEST_0216,BRCA
TEST_0217,BRCA
TEST_0218,KIPAN
TEST_0219,KIPAN
TEST_0220,KIPAN
TEST_0221,KIPAN
TEST_0222,KIPAN
TEST_0223,KIPAN
TEST_0224,KIPAN
TEST_0225,KIPAN
TEST_0226,KIPAN
TEST_0227,KIPAN
TEST_0228,KIPAN
TEST_0229,KIPAN
TEST_0230,KIPAN
TEST_0231,KIPAN
TEST_0232,KIPAN
TEST_0233,KIPAN
TEST_0234,KIPAN
TEST_0235,KIPAN
TEST_0236,KIPAN
TEST_0237,KIPAN
TEST_0238,KIPAN
TEST_0239,KIPAN
TEST_0240,KIPAN
TEST_0241,KIPAN
TEST_0242,KIPAN
TEST_0243,KIPAN
TEST_0244,KIPAN
TEST_0245,KIPAN
TEST_0246,KIPAN
TEST_0247,KIPAN
TEST_0248,KIPAN
TEST_0249,KIPAN
TEST_0250,KIPAN
TEST_0251,KIPAN
TEST_0252,KIPAN
TEST_0253,KIPAN
TEST_0254,KIPAN
TEST_0255,KIPAN
TEST_0256,KIPAN
TEST_0257,KIPAN
TEST_0258,KIPAN
TEST_0259,KIPAN
TEST_0260,KIPAN
TEST_0261,KIPAN
TEST_0262,KIPAN
TEST_0263,KIPAN
TEST_0264,KIPAN
TEST_0265,KIPAN
TEST_0266,KIPAN
TEST_0267,GBMLGG
TEST_0268,GBMLGG
TEST_0269,GBMLGG
TEST_0270,GBMLGG
TEST_0271,GBMLGG
TEST_0272,GBMLGG
TEST_0273,GBMLGG
TEST_0274,GBMLGG
TEST_0275,GBMLGG
TEST_0276,GBMLGG
TEST_0277,GBMLGG
TEST_0278,GBMLGG
TEST_0279,GBMLGG
TEST_0280,GBMLGG
TEST_0281,GBMLGG
TEST_0282,GBMLGG
TEST_0283,GBMLGG
TEST_0284,GBMLGG
TEST_0285,GBMLGG
TEST_0286,GBMLGG
TEST_0287,GBMLGG
TEST_0288,GBMLGG
TEST_0289,GBMLGG
TEST_0290,GBMLGG
TEST_0291,GBMLGG
TEST_0292,GBMLGG
TEST_0293,GBMLGG
TEST_0294,GBMLGG
TEST_0295,GBMLGG
TEST_0296,GBMLGG
TEST_0297,GBMLGG
TEST_0298,GBMLGG
TEST_0299,GBMLGG
TEST_0300,GBMLGG
TEST_0301,GBMLGG
TEST_0302,GBMLGG
TEST_0303,GBMLGG
TEST_0304,GBMLGG
TEST_0305,GBMLGG
TEST_0306,GBMLGG
TEST_0307,GBMLGG
TEST_0308,GBMLGG
TEST_0309,GBMLGG
TEST_0310,GBMLGG
TEST_0311,GBMLGG
TEST_0312,GBMLGG
TEST_0313,GBMLGG
TEST_0314,GBMLGG
TEST_0315,OV
TEST_0316,OV
TEST_0317,OV
TEST_0318,OV
TEST_0319,OV
TEST_0320,OV
TEST_0321,OV
TEST_0322,OV
TEST_0323,OV
TEST_0324,OV
TEST_0325,OV
TEST_0326,OV
TEST_0327,OV
TEST_0328,OV
TEST_0329,OV
TEST_0330,OV
TEST_0331,OV
TEST_0332,OV
TEST_0333,OV
TEST_0334,OV
TEST_0335,OV
TEST_0336,OV
TEST_0337,OV
TEST_0338,OV
TEST_0339,OV
TEST_0340,KIPAN
TEST_0341,KIPAN
TEST_0342,KIPAN
TEST_0343,KIPAN
TEST_0344,KIPAN
TEST_0345,KIPAN
TEST_0346,KIPAN
TEST_0347,KIPAN
TEST_0348,KIPAN
TEST_0349,KIPAN
TEST_0350,KIPAN
TEST_0351,KIPAN
TEST_0352,KIPAN
TEST_0353,KIPAN
TEST_0354,KIPAN
TEST_0355,KIPAN
TEST_0356,KIPAN
TEST_0357,KIPAN
TEST_0358,KIPAN
TEST_0359,KIPAN
TEST_0360,KIPAN
TEST_0361,KIPAN
TEST_0362,KIPAN
TEST_0363,KIPAN
TEST_0364,BRCA
TEST_0365,BRCA
TEST_0366,BRCA
TEST_0367,BRCA
TEST_0368,BRCA
TEST_0369,BRCA
TEST_0370,BRCA
TEST_0371,BRCA
TEST_0372,BRCA
TEST_0373,BRCA
TEST_0374,BRCA
TEST_0375,BRCA
TEST_0376,BRCA
TEST_0377,BRCA
TEST_0378,BRCA
TEST_0379,BRCA
TEST_0380,BRCA
TEST_0381,BRCA
TEST_0382,BRCA
TEST_0383,BRCA
TEST_0384,BRCA
TEST_0385,BRCA
TEST_0386,BRCA
TEST_0387,BRCA
TEST_0388,STES
TEST_0389,STES
TEST_0390,STES
TEST_0391,STES
TEST_0392,STES
TEST_0393,STES
TEST_0394,STES
TEST_0395,STES
TEST_0396,STES
TEST_0397,STES
TEST_0398,STES
TEST_0399,STES
TEST_0400,STES
TEST_0401,STES
TEST_0402,STES
TEST_0403,STES
TEST_0404,STES
TEST_0405,STES
TEST_0406,STES
TEST_0407,STES
TEST_0408,STES
TEST_0409,STES
TEST_0410,STES
TEST_0411,STES
TEST_0412,STES
TEST_0413,STES
TEST_0414,STES
TEST_0415,STES
TEST_0416,STES
TEST_0417,STES
TEST_0418,STES
TEST_0419,STES
TEST_0420,STES
TEST_0421,STES
TEST_0422,STES
TEST_0423,STES
TEST_0424,STES
TEST_0425,STES
TEST_0426,STES
TEST_0427,STES
TEST_0428,STES
TEST_0429,STES
TEST_0430,STES
TEST_0431,STES
TEST_0432,STES
TEST_0433,STES
TEST_0434,STES
TEST_0435,STES
TEST_0436,BRCA
TEST_0437,BRCA
TEST_0438,BRCA
TEST_0439,BRCA
TEST_0440,BRCA
TEST_0441,BRCA
TEST_0442,BRCA
TEST_0443,BRCA
TEST_0444,BRCA
TEST_0445,BRCA
TEST_0446,BRCA
TEST_0447,BRCA
TEST_0448,BRCA
TEST_0449,BRCA
TEST_0450,BRCA
TEST_0451,BRCA
TEST_0452,BRCA
TEST_0453,BRCA
TEST_0454,BRCA
TEST_0455,BRCA
TEST_0456,BRCA
TEST_0457,BRCA
TEST_0458,BRCA
TEST_0459,BRCA
TEST_0460,BRCA
TEST_0461,OV
TEST_0462,OV
TEST_0463,OV
TEST_0464,OV
TEST_0465,OV
TEST_0466,OV
TEST_0467,OV
TEST_0468,OV
TEST_0469,OV
TEST_0470,OV
TEST_0471,OV
TEST_0472,OV
TEST_0473,OV
TEST_0474,OV
TEST_0475,OV
TEST_0476,OV
TEST_0477,OV
TEST_0478,OV
TEST_0479,OV
TEST_0480,OV
TEST_0481,OV
TEST_0482,OV
TEST_0483,OV
TEST_0484,OV
TEST_0485,LGG
TEST_0486,LGG
TEST_0487,LGG
TEST_0488,LGG
TEST_0489,LGG
TEST_0490,LGG
TEST_0491,LGG
TEST_0492,LGG
TEST_0493,LGG
TEST_0494,LGG
TEST_0495,LGG
TEST_0496,LGG
TEST_0497,LGG
TEST_0498,LGG
TEST_0499,LGG
TEST_0500,LGG
TEST_0501,LGG
TEST_0502,LGG
TEST_0503,LGG
TEST_0504,LGG
TEST_0505,LGG
TEST_0506,LGG
TEST_0507,LGG
TEST_0508,LGG
TEST_0509,BRCA
TEST_0510,BRCA
TEST_0511,BRCA
TEST_0512,BRCA
TEST_0513,BRCA
TEST_0514,BRCA
TEST_0515,BRCA
TEST_0516,BRCA
TEST_0517,BRCA
TEST_0518,BRCA
TEST_0519,BRCA
TEST_0520,BRCA
TEST_0521,BRCA
TEST_0522,BRCA
TEST_0523,BRCA
TEST_0524,BRCA
TEST_0525,BRCA
TEST_0526,BRCA
TEST_0527,BRCA
TEST_0528,BRCA
TEST_0529,BRCA
TEST_0530,BRCA
TEST_0531,BRCA
TEST_0532,BRCA
TEST_0533,BRCA
TEST_0534,BRCA
TEST_0535,BRCA
TEST_0536,BRCA
TEST_0537,BRCA
TEST_0538,BRCA
TEST_0539,BRCA
TEST_0540,BRCA
TEST_0541,BRCA
TEST_0542,BRCA
TEST_0543,BRCA
TEST_0544,BRCA
TEST_0545,BRCA
TEST_0546,BRCA
TEST_0547,BRCA
TEST_0548,BRCA
TEST_0549,BRCA
TEST_0550,BRCA
TEST_0551,BRCA
TEST_0552,BRCA
TEST_0553,BRCA
TEST_0554,BRCA
TEST_0555,BRCA
TEST_0556,BRCA
TEST_0557,STES
TEST_0558,STES
TEST_0559,STES
TEST_0560,STES
TEST_0561,STES
TEST_0562,STES
TEST_0563,STES
TEST_0564,STES
TEST_0565,STES
TEST_0566,STES
TEST_0567,STES
TEST_0568,STES
TEST_0569,STES
TEST_0570,STES
TEST_0571,STES
TEST_0572,STES
TEST_0573,STES
TEST_0574,STES
TEST_0575,STES
TEST_0576,STES
TEST_0577,STES
TEST_0578,STES
TEST_0579,STES
TEST_0580,STES
TEST_0581,STES
TEST_0582,STES
TEST_0583,STES
TEST_0584,STES
TEST_0585,STES
TEST_0586,STES
TEST_0587,STES
TEST_0588,STES
TEST_0589,STES
TEST_0590,STES
TEST_0591,STES
TEST_0592,STES
TEST_0593,STES
TEST_0594,STES
TEST_0595,STES
TEST_0596,STES
TEST_0597,STES
TEST_0598,STES
TEST_0599,STES
TEST_0600,STES
TEST_0601,STES
TEST_0602,STES
TEST_0603,STES
TEST_0604,STES
TEST_0605,STES
TEST_0606,STES
TEST_0607,STES
TEST_0608,STES
TEST_0609,STES
TEST_0610,STES
TEST_0611,STES
TEST_0612,STES
TEST_0613,STES
TEST_0614,STES
TEST_0615,STES
TEST_0616,STES
TEST_0617,STES
TEST_0618,STES
TEST_0619,STES
TEST_0620,STES
TEST_0621,STES
TEST_0622,STES
TEST_0623,STES
TEST_0624,STES
TEST_0625,STES
TEST_0626,STES
TEST_0627,STES
TEST_0628,STES
TEST_0629,STES
TEST_0630,BRCA
TEST_0631,BRCA
TEST_0632,BRCA
TEST_0633,BRCA
TEST_0634,BRCA
TEST_0635,BRCA
TEST_0636,BRCA
TEST_0637,BRCA
TEST_0638,BRCA
TEST_0639,BRCA
TEST_0640,BRCA
TEST_0641,BRCA
TEST_0642,BRCA
TEST_0643,BRCA
TEST_0644,BRCA
TEST_0645,BRCA
TEST_0646,BRCA
TEST_0647,BRCA
TEST_0648,BRCA
TEST_0649,BRCA
TEST_0650,BRCA
TEST_0651,BRCA
TEST_0652,BRCA
TEST_0653,BRCA
TEST_0654,BRCA
TEST_0655,BRCA
TEST_0656,BRCA
TEST_0657,BRCA
TEST_0658,BRCA
TEST_0659,BRCA
TEST_0660,BRCA
TEST_0661,BRCA
TEST_0662,BRCA
TEST_0663,BRCA
TEST_0664,BRCA
TEST_0665,BRCA
TEST_0666,BRCA
TEST_0667,BRCA
TEST_0668,BRCA
TEST_0669,BRCA
TEST_0670,BRCA
TEST_0671,BRCA
TEST_0672,BRCA
TEST_0673,BRCA
TEST_0674,BRCA
TEST_0675,BRCA
TEST_0676,BRCA
TEST_0677,BRCA
TEST_0678,BRCA
TEST_0679,BRCA
TEST_0680,BRCA
TEST_0681,BRCA
TEST_0682,BRCA
TEST_0683,BRCA
TEST_0684,BRCA
TEST_0685,BRCA
TEST_0686,BRCA
TEST_0687,BRCA
TEST_0688,BRCA
TEST_0689,BRCA
TEST_0690,BRCA
TEST_0691,BRCA
TEST_0692,BRCA
TEST_0693,BRCA
TEST_0694,BRCA
TEST_0695,BRCA
TEST_0696,BRCA
TEST_0697,BRCA
TEST_0698,BRCA
TEST_0699,BRCA
TEST_0700,BRCA
TEST_0701,BRCA
TEST_0702,BRCA
TEST_0703,KIPAN
TEST_0704,KIPAN
TEST_0705,KIPAN
TEST_0706,KIPAN
TEST_0707,KIPAN
TEST_0708,KIPAN
TEST_0709,KIPAN
TEST_0710,KIPAN
TEST_0711,KIPAN
TEST_0712,KIPAN
TEST_0713,KIPAN
TEST_0714,KIPAN
TEST_0715,KIPAN
TEST_0716,KIPAN
TEST_0717,KIPAN
TEST_0718,KIPAN
TEST_0719,KIPAN
TEST_0720,KIPAN
TEST_0721,KIPAN
TEST_0722,KIPAN
TEST_0723,KIPAN
TEST_0724,KIPAN
TEST_0725,KIPAN
TEST_0726,KIPAN
TEST_0727,STES
TEST_0728,STES
TEST_0729,STES
TEST_0730,STES
TEST_0731,STES
TEST_0732,STES
TEST_0733,STES
TEST_0734,STES
TEST_0735,STES
TEST_0736,STES
TEST_0737,STES
TEST_0738,STES
TEST_0739,STES
TEST_0740,STES
TEST_0741,STES
TEST_0742,STES
TEST_0743,STES
TEST_0744,STES
TEST_0745,STES
TEST_0746,STES
TEST_0747,STES
TEST_0748,STES
TEST_0749,STES
TEST_0750,STES
TEST_0751,BRCA
TEST_0752,BRCA
TEST_0753,BRCA
TEST_0754,BRCA
TEST_0755,BRCA
TEST_0756,BRCA
TEST_0757,BRCA
TEST_0758,BRCA
TEST_0759,BRCA
TEST_0760,BRCA
TEST_0761,BRCA
TEST_0762,BRCA
TEST_0763,BRCA
TEST_0764,BRCA
TEST_0765,BRCA
TEST_0766,BRCA
TEST_0767,BRCA
TEST_0768,BRCA
TEST_0769,BRCA
TEST_0770,BRCA
TEST_0771,BRCA
TEST_0772,BRCA
TEST_0773,BRCA
TEST_0774,BRCA
TEST_0775,BRCA
TEST_0776,BRCA
TEST_0777,BRCA
TEST_0778,BRCA
TEST_0779,BRCA
TEST_0780,BRCA
TEST_0781,BRCA
TEST_0782,BRCA
TEST_0783,BRCA
TEST_0784,BRCA
TEST_0785,BRCA
TEST_0786,BRCA
TEST_0787,BRCA
TEST_0788,BRCA
TEST_0789,BRCA
TEST_0790,BRCA
TEST_0791,BRCA
TEST_0792,BRCA
TEST_0793,BRCA
TEST_0794,BRCA
TEST_0795,BRCA
TEST_0796,BRCA
TEST_0797,BRCA
TEST_0798,BRCA
TEST_0799,BRCA
TEST_0800,GBMLGG
TEST_0801,GBMLGG
TEST_0802,GBMLGG
TEST_0803,GBMLGG
TEST_0804,GBMLGG
TEST_0805,GBMLGG
TEST_0806,GBMLGG
TEST_0807,GBMLGG
TEST_0808,GBMLGG
TEST_0809,GBMLGG
TEST_0810,GBMLGG
TEST_0811,GBMLGG
TEST_0812,GBMLGG
TEST_0813,GBMLGG
TEST_0814,GBMLGG
TEST_0815,GBMLGG
TEST_0816,GBMLGG
TEST_0817,GBMLGG
TEST_0818,GBMLGG
TEST_0819,GBMLGG
TEST_0820,GBMLGG
TEST_0821,GBMLGG
TEST_0822,GBMLGG
TEST_0823,GBMLGG
TEST_0824,GBMLGG
TEST_0825,GBMLGG
TEST_0826,GBMLGG
TEST_0827,GBMLGG
TEST_0828,GBMLGG
TEST_0829,GBMLGG
TEST_0830,GBMLGG
TEST_0831,GBMLGG
TEST_0832,GBMLGG
TEST_0833,GBMLGG
TEST_0834,GBMLGG
TEST_0835,GBMLGG
TEST_0836,GBMLGG
TEST_0837,GBMLGG
TEST_0838,GBMLGG
TEST_0839,GBMLGG
TEST_0840,GBMLGG
TEST_0841,GBMLGG
TEST_0842,GBMLGG
TEST_0843,GBMLGG
TEST_0844,GBMLGG
TEST_0845,GBMLGG
TEST_0846,GBMLGG
TEST_0847,GBMLGG
TEST_0848,KIPAN
TEST_0849,KIPAN
TEST_0850,KIPAN
TEST_0851,KIPAN
TEST_0852,KIPAN
TEST_0853,KIPAN
TEST_0854,KIPAN
TEST_0855,KIPAN
TEST_0856,KIPAN
TEST_0857,KIPAN
TEST_0858,KIPAN
TEST_0859,KIPAN
TEST_0860,KIPAN
TEST_0861,KIPAN
TEST_0862,KIPAN
TEST_0863,KIPAN
TEST_0864,KIPAN
TEST_0865,KIPAN
TEST_0866,KIPAN
TEST_0867,KIPAN
TEST_0868,KIPAN
TEST_0869,KIPAN
TEST_0870,KIPAN
TEST_0871,KIPAN
TEST_0872,KIPAN
TEST_0873,KIPAN
TEST_0874,KIPAN
TEST_0875,KIPAN
TEST_0876,KIPAN
TEST_0877,KIPAN
TEST_0878,KIPAN
TEST_0879,KIPAN
TEST_0880,KIPAN
TEST_0881,KIPAN
TEST_0882,KIPAN
TEST_0883,KIPAN
TEST_0884,KIPAN
TEST_0885,KIPAN
TEST_0886,KIPAN
TEST_0887,KIPAN
TEST_0888,KIPAN
TEST_0889,KIPAN
TEST_0890,KIPAN
TEST_0891,KIPAN
TEST_0892,KIPAN
TEST_0893,KIPAN
TEST_0894,KIPAN
TEST_0895,KIPAN
TEST_0896,BRCA
TEST_0897,BRCA
TEST_0898,BRCA
TEST_0899,BRCA
TEST_0900,BRCA
TEST_0901,BRCA
TEST_0902,BRCA
TEST_0903,BRCA
TEST_0904,BRCA
TEST_0905,BRCA
TEST_0906,BRCA
TEST_0907,BRCA
TEST_0908,BRCA
TEST_0909,BRCA
TEST_0910,BRCA
TEST_0911,BRCA
TEST_0912,BRCA
TEST_0913,BRCA
TEST_0914,BRCA
TEST_0915,BRCA
TEST_0916,BRCA
TEST_0917,BRCA
TEST_0918,BRCA
TEST_0919,BRCA
TEST_0920,BRCA
TEST_0921,BRCA
TEST_0922,BRCA
TEST_0923,BRCA
TEST_0924,BRCA
TEST_0925,BRCA
TEST_0926,BRCA
TEST_0927,BRCA
TEST_0928,BRCA
TEST_0929,BRCA
TEST_0930,BRCA
TEST_0931,BRCA
TEST_0932,BRCA
TEST_0933,BRCA
TEST_0934,BRCA
TEST_0935,BRCA
TEST_0936,BRCA
TEST_0937,BRCA
TEST_0938,BRCA
TEST_0939,BRCA
TEST_0940,BRCA
TEST_0941,BRCA
TEST_0942,BRCA
TEST_0943,BRCA
TEST_0944,BRCA
TEST_0945,BRCA
TEST_0946,BRCA
TEST_0947,BRCA
TEST_0948,BRCA
TEST_0949,BRCA
TEST_0950,BRCA
TEST_0951,BRCA
TEST_0952,BRCA
TEST_0953,BRCA
TEST_0954,BRCA
TEST_0955,BRCA
TEST_0956,BRCA
TEST_0957,BRCA
TEST_0958,BRCA
TEST_0959,BRCA
TEST_0960,BRCA
TEST_0961,BRCA
TEST_0962,BRCA
TEST_0963,BRCA
TEST_0964,BRCA
TEST_0965,BRCA
TEST_0966,BRCA
TEST_0967,BRCA
TEST_0968,BRCA
TEST_0969,KIPAN
TEST_0970,KIPAN
TEST_0971,KIPAN
TEST_0972,KIPAN
TEST_0973,KIPAN
TEST_0974,KIPAN
TEST_0975,KIPAN
TEST_0976,KIPAN
TEST_0977,KIPAN
TEST_0978,KIPAN
TEST_0979,KIPAN
TEST_0980,KIPAN
TEST_0981,KIPAN
TEST_0982,KIPAN
TEST_0983,KIPAN
TEST_0984,KIPAN
TEST_0985,KIPAN
TEST_0986,KIPAN
TEST_0987,KIPAN
TEST_0988,KIPAN
TEST_0989,KIPAN
TEST_0990,KIPAN
TEST_0991,KIPAN
TEST_0992,KIPAN
TEST_0993,BRCA
TEST_0994,BRCA
TEST_0995,BRCA
TEST_0996,BRCA
TEST_0997,BRCA
TEST_0998,BRCA
TEST_0999,BRCA
TEST_1000,BRCA
TEST_1001,BRCA
TEST_1002,BRCA
TEST_1003,BRCA
TEST_1004,BRCA
TEST_1005,BRCA
TEST_1006,BRCA
TEST_1007,BRCA
TEST_1008,BRCA
TEST_1009,BRCA
TEST_1010,BRCA
TEST_1011,BRCA
TEST_1012,BRCA
TEST_1013,BRCA
TEST_1014,BRCA
TEST_1015,BRCA
TEST_1016,BRCA
TEST_1017,BRCA
TEST_1018,BRCA
TEST_1019,BRCA
TEST_1020,BRCA
TEST_1021,BRCA
TEST_1022,BRCA
TEST_1023,BRCA
TEST_1024,BRCA
TEST_1025,BRCA
TEST_1026,BRCA
TEST_1027,BRCA
TEST_1028,BRCA
TEST_1029,BRCA
TEST_1030,BRCA
TEST_1031,BRCA
TEST_1032,BRCA
TEST_1033,BRCA
TEST_1034,BRCA
TEST_1035,BRCA
TEST_1036,BRCA
TEST_1037,BRCA
TEST_1038,BRCA
TEST_1039,BRCA
TEST_1040,BRCA
TEST_1041,BRCA
TEST_1042,BRCA
TEST_1043,BRCA
TEST_1044,BRCA
TEST_1045,BRCA
TEST_1046,BRCA
TEST_1047,BRCA
TEST_1048,BRCA
TEST_1049,BRCA
TEST_1050,BRCA
TEST_1051,BRCA
TEST_1052,BRCA
TEST_1053,BRCA
TEST_1054,BRCA
TEST_1055,BRCA
TEST_1056,BRCA
TEST_1057,BRCA
TEST_1058,BRCA
TEST_1059,BRCA
TEST_1060,BRCA
TEST_1061,BRCA
TEST_1062,BRCA
TEST_1063,BRCA
TEST_1064,BRCA
TEST_1065,BRCA
TEST_1066,PRAD
TEST_1067,PRAD
TEST_1068,PRAD
TEST_1069,PRAD
TEST_1070,PRAD
TEST_1071,PRAD
TEST_1072,PRAD
TEST_1073,PRAD
TEST_1074,PRAD
TEST_1075,PRAD
TEST_1076,PRAD
TEST_1077,PRAD
TEST_1078,PRAD
TEST_1079,PRAD
TEST_1080,PRAD
TEST_1081,PRAD
TEST_1082,PRAD
TEST_1083,PRAD
TEST_1084,PRAD
TEST_1085,PRAD
TEST_1086,PRAD
TEST_1087,PRAD
TEST_1088,PRAD
TEST_1089,PRAD
TEST_1090,BRCA
TEST_1091,BRCA
TEST_1092,BRCA
TEST_1093,BRCA
TEST_1094,BRCA
TEST_1095,BRCA
TEST_1096,BRCA
TEST_1097,BRCA
TEST_1098,BRCA
TEST_1099,BRCA
TEST_1100,BRCA
TEST_1101,BRCA
TEST_1102,BRCA
TEST_1103,BRCA
TEST_1104,BRCA
TEST_1105,BRCA
TEST_1106,BRCA
TEST_1107,BRCA
TEST_1108,BRCA
TEST_1109,BRCA
TEST_1110,BRCA
TEST_1111,BRCA
TEST_1112,BRCA
TEST_1113,BRCA
TEST_1114,BRCA
TEST_1115,BRCA
TEST_1116,BRCA
TEST_1117,BRCA
TEST_1118,BRCA
TEST_1119,BRCA
TEST_1120,BRCA
TEST_1121,BRCA
TEST_1122,BRCA
TEST_1123,BRCA
TEST_1124,BRCA
TEST_1125,BRCA
TEST_1126,BRCA
TEST_1127,BRCA
TEST_1128,BRCA
TEST_1129,BRCA
TEST_1130,BRCA
TEST_1131,BRCA
TEST_1132,BRCA
TEST_1133,BRCA
TEST_1134,BRCA
TEST_1135,BRCA
TEST_1136,BRCA
TEST_1137,BRCA
TEST_1138,BRCA
TEST_1139,BRCA
TEST_1140,BRCA
TEST_1141,BRCA
TEST_1142,BRCA
TEST_1143,BRCA
TEST_1144,BRCA
TEST_1145,BRCA
TEST_1146,BRCA
TEST_1147,BRCA
TEST_1148,BRCA
TEST_1149,BRCA
TEST_1150,BRCA
TEST_1151,BRCA
TEST_1152,BRCA
TEST_1153,BRCA
TEST_1154,BRCA
TEST_1155,BRCA
TEST_1156,BRCA
TEST_1157,BRCA
TEST_1158,BRCA
TEST_1159,BRCA
TEST_1160,BRCA
TEST_1161,BRCA
TEST_1162,BRCA
TEST_1163,BRCA
TEST_1164,BRCA
TEST_1165,BRCA
TEST_1166,BRCA
TEST_1167,BRCA
TEST_1168,BRCA
TEST_1169,BRCA
TEST_1170,BRCA
TEST_1171,BRCA
TEST_1172,BRCA
TEST_1173,BRCA
TEST_1174,BRCA
TEST_1175,BRCA
TEST_1176,BRCA
TEST_1177,BRCA
TEST_1178,BRCA
TEST_1179,BRCA
TEST_1180,BRCA
TEST_1181,BRCA
TEST_1182,BRCA
TEST_1183,BRCA
TEST_1184,BRCA
TEST_1185,BRCA
TEST_1186,BRCA
TEST_1187,BRCA
TEST_1188,BRCA
TEST_1189,BRCA
TEST_1190,BRCA
TEST_1191,BRCA
TEST_1192,BRCA
TEST_1193,BRCA
TEST_1194,BRCA
TEST_1195,BRCA
TEST_1196,BRCA
TEST_1197,BRCA
TEST_1198,BRCA
TEST_1199,BRCA
TEST_1200,BRCA
TEST_1201,BRCA
TEST_1202,BRCA
TEST_1203,BRCA
TEST_1204,BRCA
TEST_1205,BRCA
TEST_1206,BRCA
TEST_1207,BRCA
TEST_1208,BRCA
TEST_1209,BRCA
TEST_1210,BRCA
TEST_1211,BRCA
TEST_1212,BRCA
TEST_1213,BRCA
TEST_1214,BRCA
TEST_1215,BRCA
TEST_1216,BRCA
TEST_1217,BRCA
TEST_1218,BRCA
TEST_1219,BRCA
TEST_1220,BRCA
TEST_1221,BRCA
TEST_1222,BRCA
TEST_1223,BRCA
TEST_1224,BRCA
TEST_1225,BRCA
TEST_1226,BRCA
TEST_1227,BRCA
TEST_1228,BRCA
TEST_1229,BRCA
TEST_1230,BRCA
TEST_1231,BRCA
TEST_1232,BRCA
TEST_1233,BRCA
TEST_1234,KIPAN
TEST_1235,KIPAN
TEST_1236,KIPAN
TEST_1237,KIPAN
TEST_1238,KIPAN
TEST_1239,KIPAN
TEST_1240,KIPAN
TEST_1241,KIPAN
TEST_1242,KIPAN
TEST_1243,KIPAN
TEST_1244,KIPAN
TEST_1245,KIPAN
TEST_1246,KIPAN
TEST_1247,KIPAN
TEST_1248,KIPAN
TEST_1249,KIPAN
TEST_1250,KIPAN
TEST_1251,KIPAN
TEST_1252,KIPAN
TEST_1253,KIPAN
TEST_1254,KIPAN
TEST_1255,KIPAN
TEST_1256,KIPAN
TEST_1257,KIPAN
TEST_1258,KIPAN
TEST_1259,KIPAN
TEST_1260,BRCA
TEST_1261,BRCA
TEST_1262,BRCA
TEST_1263,BRCA
TEST_1264,BRCA
TEST_1265,BRCA
TEST_1266,BRCA
TEST_1267,BRCA
TEST_1268,BRCA
TEST_1269,BRCA
TEST_1270,BRCA
TEST_1271,BRCA
TEST_1272,BRCA
TEST_1273,BRCA
TEST_1274,BRCA
TEST_1275,BRCA
TEST_1276,BRCA
TEST_1277,BRCA
TEST_1278,BRCA
TEST_1279,BRCA
TEST_1280,BRCA
TEST_1281,BRCA
TEST_1282,BRCA
TEST_1283,BRCA
TEST_1284,BRCA
TEST_1285,BRCA
TEST_1286,BRCA
TEST_1287,BRCA
TEST_1288,BRCA
TEST_1289,BRCA
TEST_1290,BRCA
TEST_1291,BRCA
TEST_1292,BRCA
TEST_1293,BRCA
TEST_1294,BRCA
TEST_1295,BRCA
TEST_1296,BRCA
TEST_1297,BRCA
TEST_1298,BRCA
TEST_1299,BRCA
TEST_1300,BRCA
TEST_1301,BRCA
TEST_1302,BRCA
TEST_1303,BRCA
TEST_1304,BRCA
TEST_1305,BRCA
TEST_1306,BRCA
TEST_1307,BRCA
TEST_1308,BRCA
TEST_1309,BRCA
TEST_1310,BRCA
TEST_1311,BRCA
TEST_1312,BRCA
TEST_1313,BRCA
TEST_1314,BRCA
TEST_1315,BRCA
TEST_1316,BRCA
TEST_1317,BRCA
TEST_1318,BRCA
TEST_1319,BRCA
TEST_1320,BRCA
TEST_1321,BRCA
TEST_1322,BRCA
TEST_1323,BRCA
TEST_1324,BRCA
TEST_1325,BRCA
TEST_1326,BRCA
TEST_1327,BRCA
TEST_1328,BRCA
TEST_1329,BRCA
TEST_1330,BRCA
TEST_1331,BRCA
TEST_1332,KIPAN
TEST_1333,KIPAN
TEST_1334,KIPAN
TEST_1335,KIPAN
TEST_1336,KIPAN
TEST_1337,KIPAN
TEST_1338,KIPAN
TEST_1339,KIPAN
TEST_1340,KIPAN
TEST_1341,KIPAN
TEST_1342,KIPAN
TEST_1343,KIPAN
TEST_1344,KIPAN
TEST_1345,KIPAN
TEST_1346,KIPAN
TEST_1347,KIPAN
TEST_1348,KIPAN
TEST_1349,KIPAN
TEST_1350,KIPAN
TEST_1351,KIPAN
TEST_1352,KIPAN
TEST_1353,KIPAN
TEST_1354,KIPAN
TEST_1355,KIPAN
TEST_1356,KIPAN
TEST_1357,BRCA
TEST_1358,BRCA
TEST_1359,BRCA
TEST_1360,BRCA
TEST_1361,BRCA
TEST_1362,BRCA
TEST_1363,BRCA
TEST_1364,BRCA
TEST_1365,BRCA
TEST_1366,BRCA
TEST_1367,BRCA
TEST_1368,BRCA
TEST_1369,BRCA
TEST_1370,BRCA
TEST_1371,BRCA
TEST_1372,BRCA
TEST_1373,BRCA
TEST_1374,BRCA
TEST_1375,BRCA
TEST_1376,BRCA
TEST_1377,BRCA
TEST_1378,BRCA
TEST_1379,BRCA
TEST_1380,BRCA
TEST_1381,BRCA
TEST_1382,BRCA
TEST_1383,BRCA
TEST_1384,BRCA
TEST_1385,BRCA
TEST_1386,BRCA
TEST_1387,BRCA
TEST_1388,BRCA
TEST_1389,BRCA
TEST_1390,BRCA
TEST_1391,BRCA
TEST_1392,BRCA
TEST_1393,BRCA
TEST_1394,BRCA
TEST_1395,BRCA
TEST_1396,BRCA
TEST_1397,BRCA
TEST_1398,BRCA
TEST_1399,BRCA
TEST_1400,BRCA
TEST_1401,BRCA
TEST_1402,BRCA
TEST_1403,BRCA
TEST_1404,BRCA
TEST_1405,BRCA
TEST_1406,BRCA
TEST_1407,BRCA
TEST_1408,BRCA
TEST_1409,BRCA
TEST_1410,BRCA
TEST_1411,BRCA
TEST_1412,BRCA
TEST_1413,BRCA
TEST_1414,BRCA
TEST_1415,BRCA
TEST_1416,BRCA
TEST_1417,BRCA
TEST_1418,BRCA
TEST_1419,BRCA
TEST_1420,BRCA
TEST_1421,BRCA
TEST_1422,BRCA
TEST_1423,BRCA
TEST_1424,BRCA
TEST_1425,BRCA
TEST_1426,BRCA
TEST_1427,BRCA
TEST_1428,BRCA
TEST_1429,LGG
TEST_1430,LGG
TEST_1431,LGG
TEST_1432,LGG
TEST_1433,LGG
TEST_1434,LGG
TEST_1435,LGG
TEST_1436,LGG
TEST_1437,LGG
TEST_1438,LGG
TEST_1439,LGG
TEST_1440,LGG
TEST_1441,LGG
TEST_1442,LGG
TEST_1443,LGG
TEST_1444,LGG
TEST_1445,LGG
TEST_1446,LGG
TEST_1447,LGG
TEST_1448,LGG
TEST_1449,LGG
TEST_1450,LGG
TEST_1451,LGG
TEST_1452,BRCA
TEST_1453,BRCA
TEST_1454,BRCA
TEST_1455,BRCA
TEST_1456,BRCA
TEST_1457,BRCA
TEST_1458,BRCA
TEST_1459,BRCA
TEST_1460,BRCA
TEST_1461,BRCA
TEST_1462,BRCA
TEST_1463,BRCA
TEST_1464,BRCA
TEST_1465,BRCA
TEST_1466,BRCA
TEST_1467,BRCA
TEST_1468,BRCA
TEST_1469,BRCA
TEST_1470,BRCA
TEST_1471,BRCA
TEST_1472,BRCA
TEST_1473,BRCA
TEST_1474,BRCA
TEST_1475,BRCA
TEST_1476,BRCA
TEST_1477,BRCA
TEST_1478,BRCA
TEST_1479,BRCA
TEST_1480,BRCA
TEST_1481,BRCA
TEST_1482,BRCA
TEST_1483,BRCA
TEST_1484,BRCA
TEST_1485,BRCA
TEST_1486,BRCA
TEST_1487,BRCA
TEST_1488,BRCA
TEST_1489,BRCA
TEST_1490,BRCA
TEST_1491,BRCA
TEST_1492,BRCA
TEST_1493,BRCA
TEST_1494,BRCA
TEST_1495,BRCA
TEST_1496,BRCA
TEST_1497,BRCA
TEST_1498,BRCA
TEST_1499,BRCA
TEST_1500,BRCA
TEST_1501,BRCA
TEST_1502,BRCA
TEST_1503,OV
TEST_1504,OV
TEST_1505,OV
TEST_1506,OV
TEST_1507,OV
TEST_1508,OV
TEST_1509,OV
TEST_1510,OV
TEST_1511,OV
TEST_1512,OV
TEST_1513,OV
TEST_1514,OV
TEST_1515,OV
TEST_1516,OV
TEST_1517,OV
TEST_1518,OV
TEST_1519,OV
TEST_1520,OV
TEST_1521,OV
TEST_1522,OV
TEST_1523,OV
TEST_1524,OV
TEST_1525,OV
TEST_1526,BRCA
TEST_1527,BRCA
TEST_1528,BRCA
TEST_1529,BRCA
TEST_1530,BRCA
TEST_1531,BRCA
TEST_1532,BRCA
TEST_1533,BRCA
TEST_1534,BRCA
TEST_1535,BRCA
TEST_1536,BRCA
TEST_1537,BRCA
TEST_1538,BRCA
TEST_1539,BRCA
TEST_1540,BRCA
TEST_1541,BRCA
TEST_1542,BRCA
TEST_1543,BRCA
TEST_1544,BRCA
TEST_1545,BRCA
TEST_1546,BRCA
TEST_1547,BRCA
TEST_1548,BRCA
TEST_1549,BRCA
TEST_1550,BRCA
TEST_1551,BRCA
TEST_1552,BRCA
TEST_1553,BRCA
TEST_1554,BRCA
TEST_1555,BRCA
TEST_1556,BRCA
TEST_1557,BRCA
TEST_1558,BRCA
TEST_1559,BRCA
TEST_1560,BRCA
TEST_1561,BRCA
TEST_1562,BRCA
TEST_1563,BRCA
TEST_1564,BRCA
TEST_1565,BRCA
TEST_1566,BRCA
TEST_1567,BRCA
TEST_1568,BRCA
TEST_1569,BRCA
TEST_1570,BRCA
TEST_1571,BRCA
TEST_1572,BRCA
TEST_1573,BRCA
TEST_1574,BRCA
TEST_1575,BRCA
TEST_1576,BRCA
TEST_1577,BRCA
TEST_1578,BRCA
TEST_1579,BRCA
TEST_1580,BRCA
TEST_1581,BRCA
TEST_1582,BRCA
TEST_1583,BRCA
TEST_1584,BRCA
TEST_1585,BRCA
TEST_1586,BRCA
TEST_1587,BRCA
TEST_1588,BRCA
TEST_1589,BRCA
TEST_1590,BRCA
TEST_1591,BRCA
TEST_1592,BRCA
TEST_1593,BRCA
TEST_1594,BRCA
TEST_1595,BRCA
TEST_1596,BRCA
TEST_1597,BRCA
TEST_1598,BRCA
TEST_1599,BRCA
TEST_1600,BRCA
TEST_1601,BRCA
TEST_1602,BRCA
TEST_1603,BRCA
TEST_1604,BRCA
TEST_1605,BRCA
TEST_1606,BRCA
TEST_1607,BRCA
TEST_1608,BRCA
TEST_1609,BRCA
TEST_1610,BRCA
TEST_1611,BRCA
TEST_1612,BRCA
TEST_1613,BRCA
TEST_1614,BRCA
TEST_1615,BRCA
TEST_1616,BRCA
TEST_1617,BRCA
TEST_1618,BRCA
TEST_1619,BRCA
TEST_1620,BRCA
TEST_1621,BRCA
TEST_1622,BRCA
TEST_1623,BRCA
TEST_1624,KIRC
TEST_1625,KIRC
TEST_1626,KIRC
TEST_1627,KIRC
TEST_1628,KIRC
TEST_1629,KIRC
TEST_1630,KIRC
TEST_1631,KIRC
TEST_1632,KIRC
TEST_1633,KIRC
TEST_1634,KIRC
TEST_1635,KIRC
TEST_1636,KIRC
TEST_1637,KIRC
TEST_1638,KIRC
TEST_1639,KIRC
TEST_1640,KIRC
TEST_1641,KIRC
TEST_1642,KIRC
TEST_1643,KIRC
TEST_1644,KIRC
TEST_1645,KIRC
TEST_1646,KIRC
TEST_1647,STES
TEST_1648,STES
TEST_1649,STES
TEST_1650,STES
TEST_1651,STES
TEST_1652,STES
TEST_1653,STES
TEST_1654,STES
TEST_1655,STES
TEST_1656,STES
TEST_1657,STES
TEST_1658,STES
TEST_1659,STES
TEST_1660,STES
TEST_1661,STES
TEST_1662,STES
TEST_1663,STES
TEST_1664,STES
TEST_1665,STES
TEST_1666,STES
TEST_1667,STES
TEST_1668,STES
TEST_1669,STES
TEST_1670,BRCA
TEST_1671,BRCA
TEST_1672,BRCA
TEST_1673,BRCA
TEST_1674,BRCA
TEST_1675,BRCA
TEST_1676,BRCA
TEST_1677,BRCA
TEST_1678,BRCA
TEST_1679,BRCA
TEST_1680,BRCA
TEST_1681,BRCA
TEST_1682,BRCA
TEST_1683,BRCA
TEST_1684,BRCA
TEST_1685,BRCA
TEST_1686,BRCA
TEST_1687,BRCA
TEST_1688,BRCA
TEST_1689,BRCA
TEST_1690,BRCA
TEST_1691,BRCA
TEST_1692,BRCA
TEST_1693,BRCA
TEST_1694,BRCA
TEST_1695,BRCA
TEST_1696,BRCA
TEST_1697,BRCA
TEST_1698,BRCA
TEST_1699,BRCA
TEST_1700,BRCA
TEST_1701,BRCA
TEST_1702,BRCA
TEST_1703,BRCA
TEST_1704,BRCA
TEST_1705,BRCA
TEST_1706,BRCA
TEST_1707,BRCA
TEST_1708,BRCA
TEST_1709,BRCA
TEST_1710,BRCA
TEST_1711,BRCA
TEST_1712,BRCA
TEST_1713,BRCA
TEST_1714,BRCA
TEST_1715,BRCA
TEST_1716,BRCA
TEST_1717,BRCA
TEST_1718,BRCA
TEST_1719,BRCA
TEST_1720,BRCA
TEST_1721,KIRC
TEST_1722,KIRC
TEST_1723,KIRC
TEST_1724,KIRC
TEST_1725,KIRC
TEST_1726,KIRC
TEST_1727,KIRC
TEST_1728,KIRC
TEST_1729,KIRC
TEST_1730,KIRC
TEST_1731,KIRC
TEST_1732,KIRC
TEST_1733,KIRC
TEST_1734,KIRC
TEST_1735,KIRC
TEST_1736,KIRC
TEST_1737,KIRC
TEST_1738,KIRC
TEST_1739,KIRC
TEST_1740,KIRC
TEST_1741,KIRC
TEST_1742,KIRC
TEST_1743,KIRC
TEST_1744,KIRC
TEST_1745,BRCA
TEST_1746,BRCA
TEST_1747,BRCA
TEST_1748,BRCA
TEST_1749,BRCA
TEST_1750,BRCA
TEST_1751,BRCA
TEST_1752,BRCA
TEST_1753,BRCA
TEST_1754,BRCA
TEST_1755,BRCA
TEST_1756,BRCA
TEST_1757,BRCA
TEST_1758,BRCA
TEST_1759,BRCA
TEST_1760,BRCA
TEST_1761,BRCA
TEST_1762,BRCA
TEST_1763,BRCA
TEST_1764,BRCA
TEST_1765,BRCA
TEST_1766,BRCA
TEST_1767,BRCA
TEST_1768,BRCA
TEST_1769,BRCA
TEST_1770,BRCA
TEST_1771,BRCA
TEST_1772,BRCA
TEST_1773,BRCA
TEST_1774,BRCA
TEST_1775,BRCA
TEST_1776,BRCA
TEST_1777,BRCA
TEST_1778,BRCA
TEST_1779,BRCA
TEST_1780,BRCA
TEST_1781,BRCA
TEST_1782,BRCA
TEST_1783,BRCA
TEST_1784,BRCA
TEST_1785,BRCA
TEST_1786,BRCA
TEST_1787,BRCA
TEST_1788,BRCA
TEST_1789,BRCA
TEST_1790,BRCA
TEST_1791,BRCA
TEST_1792,BRCA
TEST_1793,BRCA
TEST_1794,BRCA
TEST_1795,BRCA
TEST_1796,BRCA
TEST_1797,BRCA
TEST_1798,BRCA
TEST_1799,BRCA
TEST_1800,BRCA
TEST_1801,BRCA
TEST_1802,BRCA
TEST_1803,BRCA
TEST_1804,BRCA
TEST_1805,BRCA
TEST_1806,BRCA
TEST_1807,BRCA
TEST_1808,BRCA
TEST_1809,BRCA
TEST_1810,BRCA
TEST_1811,BRCA
TEST_1812,BRCA
TEST_1813,BRCA
TEST_1814,BRCA
TEST_1815,BRCA
TEST_1816,BRCA
TEST_1817,BRCA
TEST_1818,BRCA
TEST_1819,BRCA
TEST_1820,BRCA
TEST_1821,BRCA
TEST_1822,BRCA
TEST_1823,BRCA
TEST_1824,BRCA
TEST_1825,BRCA
TEST_1826,BRCA
TEST_1827,BRCA
TEST_1828,BRCA
TEST_1829,BRCA
TEST_1830,BRCA
TEST_1831,BRCA
TEST_1832,BRCA
TEST_1833,BRCA
TEST_1834,BRCA
TEST_1835,BRCA
TEST_1836,BRCA
TEST_1837,BRCA
TEST_1838,BRCA
TEST_1839,BRCA
TEST_1840,BRCA
TEST_1841,BRCA
TEST_1842,BRCA
TEST_1843,BRCA
TEST_1844,BRCA
TEST_1845,BRCA
TEST_1846,BRCA
TEST_1847,BRCA
TEST_1848,BRCA
TEST_1849,BRCA
TEST_1850,BRCA
TEST_1851,BRCA
TEST_1852,BRCA
TEST_1853,BRCA
TEST_1854,BRCA
TEST_1855,BRCA
TEST_1856,BRCA
TEST_1857,BRCA
TEST_1858,BRCA
TEST_1859,BRCA
TEST_1860,BRCA
TEST_1861,BRCA
TEST_1862,BRCA
TEST_1863,BRCA
TEST_1864,BRCA
TEST_1865,PRAD
TEST_1866,PRAD
TEST_1867,PRAD
TEST_1868,PRAD
TEST_1869,PRAD
TEST_1870,PRAD
TEST_1871,PRAD
TEST_1872,PRAD
TEST_1873,PRAD
TEST_1874,PRAD
TEST_1875,PRAD
TEST_1876,PRAD
TEST_1877,PRAD
TEST_1878,PRAD
TEST_1879,PRAD
TEST_1880,PRAD
TEST_1881,PRAD
TEST_1882,PRAD
TEST_1883,PRAD
TEST_1884,PRAD
TEST_1885,PRAD
TEST_1886,PRAD
TEST_1887,PRAD
TEST_1888,HNSC
TEST_1889,HNSC
TEST_1890,HNSC
TEST_1891,HNSC
TEST_1892,HNSC
TEST_1893,HNSC
TEST_1894,HNSC
TEST_1895,HNSC
TEST_1896,HNSC
TEST_1897,HNSC
TEST_1898,HNSC
TEST_1899,HNSC
TEST_1900,HNSC
TEST_1901,HNSC
TEST_1902,HNSC
TEST_1903,HNSC
TEST_1904,HNSC
TEST_1905,HNSC
TEST_1906,HNSC
TEST_1907,HNSC
TEST_1908,HNSC
TEST_1909,HNSC
TEST_1910,HNSC
TEST_1911,HNSC
TEST_1912,HNSC
TEST_1913,HNSC
TEST_1914,HNSC
TEST_1915,HNSC
TEST_1916,HNSC
TEST_1917,HNSC
TEST_1918,HNSC
TEST_1919,HNSC
TEST_1920,HNSC
TEST_1921,HNSC
TEST_1922,HNSC
TEST_1923,HNSC
TEST_1924,HNSC
TEST_1925,HNSC
TEST_1926,HNSC
TEST_1927,HNSC
TEST_1928,HNSC
TEST_1929,HNSC
TEST_1930,HNSC
TEST_1931,HNSC
TEST_1932,HNSC
TEST_1933,HNSC
TEST_1934,HNSC
TEST_1935,HNSC
TEST_1936,HNSC
TEST_1937,HNSC
TEST_1938,HNSC
TEST_1939,PRAD
TEST_1940,PRAD
TEST_1941,PRAD
TEST_1942,PRAD
TEST_1943,PRAD
TEST_1944,PRAD
TEST_1945,PRAD
TEST_1946,PRAD
TEST_1947,PRAD
TEST_1948,PRAD
TEST_1949,PRAD
TEST_1950,PRAD
TEST_1951,PRAD
TEST_1952,PRAD
TEST_1953,PRAD
TEST_1954,PRAD
TEST_1955,PRAD
TEST_1956,PRAD
TEST_1957,PRAD
TEST_1958,PRAD
TEST_1959,PRAD
TEST_1960,PRAD
TEST_1961,PRAD
TEST_1962,PRAD
TEST_1963,KIPAN
TEST_1964,KIPAN
TEST_1965,KIPAN
TEST_1966,KIPAN
TEST_1967,KIPAN
TEST_1968,KIPAN
TEST_1969,KIPAN
TEST_1970,KIPAN
TEST_1971,KIPAN
TEST_1972,KIPAN
TEST_1973,KIPAN
TEST_1974,KIPAN
TEST_1975,KIPAN
TEST_1976,KIPAN
TEST_1977,KIPAN
TEST_1978,KIPAN
TEST_1979,KIPAN
TEST_1980,KIPAN
TEST_1981,KIPAN
TEST_1982,KIPAN
TEST_1983,KIPAN
TEST_1984,KIPAN
TEST_1985,KIPAN
TEST_1986,KIPAN
TEST_1987,KIPAN
TEST_1988,KIPAN
TEST_1989,KIPAN
TEST_1990,KIPAN
TEST_1991,KIPAN
TEST_1992,KIPAN
TEST_1993,KIPAN
TEST_1994,KIPAN
TEST_1995,KIPAN
TEST_1996,KIPAN
TEST_1997,KIPAN
TEST_1998,KIPAN
TEST_1999,KIPAN
TEST_2000,KIPAN
TEST_2001,KIPAN
TEST_2002,KIPAN
TEST_2003,KIPAN
TEST_2004,KIPAN
TEST_2005,KIPAN
TEST_2006,KIPAN
TEST_2007,KIPAN
TEST_2008,KIPAN
TEST_2009,KIPAN
TEST_2010,KIPAN
TEST_2011,KIPAN
TEST_2012,KIPAN
TEST_2013,KIPAN
TEST_2014,KIPAN
TEST_2015,KIPAN
TEST_2016,KIPAN
TEST_2017,KIPAN
TEST_2018,KIPAN
TEST_2019,KIPAN
TEST_2020,KIPAN
TEST_2021,KIPAN
TEST_2022,KIPAN
TEST_2023,KIPAN
TEST_2024,KIPAN
TEST_2025,KIPAN
TEST_2026,KIPAN
TEST_2027,KIPAN
TEST_2028,KIPAN
TEST_2029,KIPAN
TEST_2030,KIPAN
TEST_2031,KIPAN
TEST_2032,KIPAN
TEST_2033,KIPAN
TEST_2034,KIPAN
TEST_2035,KIPAN
TEST_2036,OV
TEST_2037,OV
TEST_2038,OV
TEST_2039,OV
TEST_2040,OV
TEST_2041,OV
TEST_2042,OV
TEST_2043,OV
TEST_2044,OV
TEST_2045,OV
TEST_2046,OV
TEST_2047,OV
TEST_2048,OV
TEST_2049,OV
TEST_2050,OV
TEST_2051,OV
TEST_2052,OV
TEST_2053,OV
TEST_2054,OV
TEST_2055,OV
TEST_2056,OV
TEST_2057,OV
TEST_2058,OV
TEST_2059,OV
TEST_2060,COAD
TEST_2061,COAD
TEST_2062,COAD
TEST_2063,COAD
TEST_2064,COAD
TEST_2065,COAD
TEST_2066,COAD
TEST_2067,COAD
TEST_2068,COAD
TEST_2069,COAD
TEST_2070,COAD
TEST_2071,COAD
TEST_2072,COAD
TEST_2073,COAD
TEST_2074,COAD
TEST_2075,COAD
TEST_2076,COAD
TEST_2077,COAD
TEST_2078,COAD
TEST_2079,COAD
TEST_2080,COAD
TEST_2081,COAD
TEST_2082,COAD
TEST_2083,COAD
TEST_2084,KIPAN
TEST_2085,KIPAN
TEST_2086,KIPAN
TEST_2087,KIPAN
TEST_2088,KIPAN
TEST_2089,KIPAN
TEST_2090,KIPAN
TEST_2091,KIPAN
TEST_2092,KIPAN
TEST_2093,KIPAN
TEST_2094,KIPAN
TEST_2095,KIPAN
TEST_2096,KIPAN
TEST_2097,KIPAN
TEST_2098,KIPAN
TEST_2099,KIPAN
TEST_2100,KIPAN
TEST_2101,KIPAN
TEST_2102,KIPAN
TEST_2103,KIPAN
TEST_2104,KIPAN
TEST_2105,KIPAN
TEST_2106,BRCA
TEST_2107,BRCA
TEST_2108,BRCA
TEST_2109,BRCA
TEST_2110,BRCA
TEST_2111,BRCA
TEST_2112,BRCA
TEST_2113,BRCA
TEST_2114,BRCA
TEST_2115,BRCA
TEST_2116,BRCA
TEST_2117,BRCA
TEST_2118,BRCA
TEST_2119,BRCA
TEST_2120,BRCA
TEST_2121,BRCA
TEST_2122,BRCA
TEST_2123,BRCA
TEST_2124,BRCA
TEST_2125,BRCA
TEST_2126,BRCA
TEST_2127,BRCA
TEST_2128,BRCA
TEST_2129,BRCA
TEST_2130,BRCA
TEST_2131,BRCA
TEST_2132,BRCA
TEST_2133,BRCA
TEST_2134,BRCA
TEST_2135,BRCA
TEST_2136,BRCA
TEST_2137,BRCA
TEST_2138,BRCA
TEST_2139,BRCA
TEST_2140,BRCA
TEST_2141,BRCA
TEST_2142,BRCA
TEST_2143,BRCA
TEST_2144,BRCA
TEST_2145,BRCA
TEST_2146,BRCA
TEST_2147,BRCA
TEST_2148,BRCA
TEST_2149,BRCA
TEST_2150,BRCA
TEST_2151,BRCA
TEST_2152,BRCA
TEST_2153,BRCA
TEST_2154,BRCA
TEST_2155,BRCA
TEST_2156,BRCA
TEST_2157,BRCA
TEST_2158,BRCA
TEST_2159,BRCA
TEST_2160,BRCA
TEST_2161,BRCA
TEST_2162,BRCA
TEST_2163,BRCA
TEST_2164,BRCA
TEST_2165,BRCA
TEST_2166,BRCA
TEST_2167,BRCA
TEST_2168,BRCA
TEST_2169,BRCA
TEST_2170,BRCA
TEST_2171,BRCA
TEST_2172,BRCA
TEST_2173,BRCA
TEST_2174,BRCA
TEST_2175,BRCA
TEST_2176,BRCA
TEST_2177,BRCA
TEST_2178,BRCA
TEST_2179,BRCA
TEST_2180,BRCA
TEST_2181,BRCA
TEST_2182,BRCA
TEST_2183,BRCA
TEST_2184,BRCA
TEST_2185,BRCA
TEST_2186,BRCA
TEST_2187,BRCA
TEST_2188,BRCA
TEST_2189,BRCA
TEST_2190,BRCA
TEST_2191,BRCA
TEST_2192,BRCA
TEST_2193,BRCA
TEST_2194,BRCA
TEST_2195,BRCA
TEST_2196,BRCA
TEST_2197,BRCA
TEST_2198,BRCA
TEST_2199,BRCA
TEST_2200,BRCA
TEST_2201,BRCA
TEST_2202,BRCA
TEST_2203,BRCA
TEST_2204,BRCA
TEST_2205,BRCA
TEST_2206,BRCA
TEST_2207,BRCA
TEST_2208,BRCA
TEST_2209,BRCA
TEST_2210,BRCA
TEST_2211,BRCA
TEST_2212,BRCA
TEST_2213,BRCA
TEST_2214,BRCA
TEST_2215,BRCA
TEST_2216,BRCA
TEST_2217,BRCA
TEST_2218,BRCA
TEST_2219,BRCA
TEST_2220,BRCA
TEST_2221,BRCA
TEST_2222,BRCA
TEST_2223,BRCA
TEST_2224,BRCA
TEST_2225,BRCA
TEST_2226,BRCA
TEST_2227,BRCA
TEST_2228,BRCA
TEST_2229,BRCA
TEST_2230,BRCA
TEST_2231,BRCA
TEST_2232,BRCA
TEST_2233,BRCA
TEST_2234,BRCA
TEST_2235,BRCA
TEST_2236,BRCA
TEST_2237,BRCA
TEST_2238,BRCA
TEST_2239,BRCA
TEST_2240,BRCA
TEST_2241,BRCA
TEST_2242,BRCA
TEST_2243,BRCA
TEST_2244,BRCA
TEST_2245,BRCA
TEST_2246,BRCA
TEST_2247,BRCA
TEST_2248,BRCA
TEST_2249,BRCA
TEST_2250,BRCA
TEST_2251,BRCA
TEST_2252,BRCA
TEST_2253,BRCA
TEST_2254,BRCA
TEST_2255,BRCA
TEST_2256,BRCA
TEST_2257,BRCA
TEST_2258,BRCA
TEST_2259,BRCA
TEST_2260,BRCA
TEST_2261,BRCA
TEST_2262,BRCA
TEST_2263,BRCA
TEST_2264,BRCA
TEST_2265,BRCA
TEST_2266,BRCA
TEST_2267,BRCA
TEST_2268,BRCA
TEST_2269,BRCA
TEST_2270,BRCA
TEST_2271,BRCA
TEST_2272,BRCA
TEST_2273,BRCA
TEST_2274,BRCA
TEST_2275,BRCA
TEST_2276,BRCA
TEST_2277,BRCA
TEST_2278,BRCA
TEST_2279,BRCA
TEST_2280,BRCA
TEST_2281,BRCA
TEST_2282,BRCA
TEST_2283,BRCA
TEST_2284,BRCA
TEST_2285,BRCA
TEST_2286,BRCA
TEST_2287,BRCA
TEST_2288,BRCA
TEST_2289,BRCA
TEST_2290,BRCA
TEST_2291,BRCA
TEST_2292,BRCA
TEST_2293,BRCA
TEST_2294,BRCA
TEST_2295,BRCA
TEST_2296,BRCA
TEST_2297,BRCA
TEST_2298,BRCA
TEST_2299,BRCA
TEST_2300,BRCA
TEST_2301,BRCA
TEST_2302,BRCA
TEST_2303,BRCA
TEST_2304,BRCA
TEST_2305,BRCA
TEST_2306,BRCA
TEST_2307,BRCA
TEST_2308,BRCA
TEST_2309,BRCA
TEST_2310,BRCA
TEST_2311,BRCA
TEST_2312,BRCA
TEST_2313,BRCA
TEST_2314,BRCA
TEST_2315,BRCA
TEST_2316,BRCA
TEST_2317,BRCA
TEST_2318,BRCA
TEST_2319,BRCA
TEST_2320,BRCA
TEST_2321,BRCA
TEST_2322,BRCA
TEST_2323,BRCA
TEST_2324,GBMLGG
TEST_2325,GBMLGG
TEST_2326,GBMLGG
TEST_2327,GBMLGG
TEST_2328,GBMLGG
TEST_2329,GBMLGG
TEST_2330,GBMLGG
TEST_2331,GBMLGG
TEST_2332,GBMLGG
TEST_2333,GBMLGG
TEST_2334,GBMLGG
TEST_2335,GBMLGG
TEST_2336,GBMLGG
TEST_2337,GBMLGG
TEST_2338,GBMLGG
TEST_2339,GBMLGG
TEST_2340,GBMLGG
TEST_2341,GBMLGG
TEST_2342,GBMLGG
TEST_2343,GBMLGG
TEST_2344,GBMLGG
TEST_2345,GBMLGG
TEST_2346,GBMLGG
TEST_2347,GBMLGG
TEST_2348,BRCA
TEST_2349,BRCA
TEST_2350,BRCA
TEST_2351,BRCA
TEST_2352,BRCA
TEST_2353,BRCA
TEST_2354,BRCA
TEST_2355,BRCA
TEST_2356,BRCA
TEST_2357,BRCA
TEST_2358,BRCA
TEST_2359,BRCA
TEST_2360,BRCA
TEST_2361,BRCA
TEST_2362,BRCA
TEST_2363,BRCA
TEST_2364,BRCA
TEST_2365,BRCA
TEST_2366,BRCA
TEST_2367,BRCA
TEST_2368,BRCA
TEST_2369,BRCA
TEST_2370,BRCA
TEST_2371,BRCA
TEST_2372,BRCA
TEST_2373,BRCA
TEST_2374,BRCA
TEST_2375,BRCA
TEST_2376,BRCA
TEST_2377,BRCA
TEST_2378,BRCA
TEST_2379,BRCA
TEST_2380,BRCA
TEST_2381,BRCA
TEST_2382,BRCA
TEST_2383,BRCA
TEST_2384,BRCA
TEST_2385,BRCA
TEST_2386,BRCA
TEST_2387,BRCA
TEST_2388,BRCA
TEST_2389,BRCA
TEST_2390,BRCA
TEST_2391,BRCA
TEST_2392,BRCA
TEST_2393,BRCA
TEST_2394,BRCA
TEST_2395,BRCA
TEST_2396,BRCA
TEST_2397,BRCA
TEST_2398,BRCA
TEST_2399,BRCA
TEST_2400,BRCA
TEST_2401,BRCA
TEST_2402,BRCA
TEST_2403,BRCA
TEST_2404,BRCA
TEST_2405,BRCA
TEST_2406,BRCA
TEST_2407,BRCA
TEST_2408,BRCA
TEST_2409,BRCA
TEST_2410,BRCA
TEST_2411,BRCA
TEST_2412,BRCA
TEST_2413,BRCA
TEST_2414,BRCA
TEST_2415,BRCA
TEST_2416,BRCA
TEST_2417,BRCA
TEST_2418,BRCA
TEST_2419,BRCA
TEST_2420,BRCA
TEST_2421,BRCA
TEST_2422,BRCA
TEST_2423,KIPAN
TEST_2424,KIPAN
TEST_2425,KIPAN
TEST_2426,KIPAN
TEST_2427,KIPAN
TEST_2428,KIPAN
TEST_2429,KIPAN
TEST_2430,KIPAN
TEST_2431,KIPAN
TEST_2432,KIPAN
TEST_2433,KIPAN
TEST_2434,KIPAN
TEST_2435,KIPAN
TEST_2436,KIPAN
TEST_2437,KIPAN
TEST_2438,KIPAN
TEST_2439,KIPAN
TEST_2440,KIPAN
TEST_2441,KIPAN
TEST_2442,KIPAN
TEST_2443,KIPAN
TEST_2444,KIPAN
TEST_2445,BRCA
TEST_2446,BRCA
TEST_2447,BRCA
TEST_2448,BRCA
TEST_2449,BRCA
TEST_2450,BRCA
TEST_2451,BRCA
TEST_2452,BRCA
TEST_2453,BRCA
TEST_2454,BRCA
TEST_2455,BRCA
TEST_2456,BRCA
TEST_2457,BRCA
TEST_2458,BRCA
TEST_2459,BRCA
TEST_2460,BRCA
TEST_2461,BRCA
TEST_2462,BRCA
TEST_2463,BRCA
TEST_2464,BRCA
TEST_2465,BRCA
TEST_2466,BRCA
TEST_2467,BRCA
TEST_2468,BRCA
TEST_2469,BRCA
TEST_2470,BRCA
TEST_2471,BRCA
TEST_2472,BRCA
TEST_2473,BRCA
TEST_2474,BRCA
TEST_2475,BRCA
TEST_2476,BRCA
TEST_2477,BRCA
TEST_2478,BRCA
TEST_2479,BRCA
TEST_2480,BRCA
TEST_2481,BRCA
TEST_2482,BRCA
TEST_2483,BRCA
TEST_2484,BRCA
TEST_2485,BRCA
TEST_2486,BRCA
TEST_2487,BRCA
TEST_2488,BRCA
TEST_2489,BRCA
TEST_2490,BRCA
TEST_2491,BRCA
TEST_2492,BRCA
TEST_2493,BRCA
TEST_2494,BRCA
TEST_2495,BRCA
TEST_2496,BRCA
TEST_2497,BRCA
TEST_2498,BRCA
TEST_2499,BRCA
TEST_2500,BRCA
TEST_2501,BRCA
TEST_2502,BRCA
TEST_2503,BRCA
TEST_2504,BRCA
TEST_2505,BRCA
TEST_2506,BRCA
TEST_2507,BRCA
TEST_2508,BRCA
TEST_2509,BRCA
TEST_2510,BRCA
TEST_2511,BRCA
TEST_2512,BRCA
TEST_2513,BRCA
TEST_2514,BRCA
TEST_2515,BRCA
TEST_2516,BRCA
TEST_2517,BRCA
TEST_2518,BRCA
TEST_2519,BRCA
TEST_2520,BRCA
TEST_2521,BRCA
TEST_2522,BRCA
TEST_2523,BRCA
TEST_2524,BRCA
TEST_2525,BRCA
TEST_2526,BRCA
TEST_2527,BRCA
TEST_2528,BRCA
TEST_2529,BRCA
TEST_2530,BRCA
TEST_2531,BRCA
TEST_2532,BRCA
TEST_2533,BRCA
TEST_2534,BRCA
TEST_2535,BRCA
TEST_2536,BRCA
TEST_2537,BRCA
TEST_2538,BRCA
TEST_2539,BRCA
TEST_2540,BRCA
TEST_2541,BRCA
TEST_2542,BRCA
TEST_2543,BRCA
TEST_2544,BRCA
TEST_2545,BRCA
